insert into cliente (chave,nome,sobrenome,cpf,telefone,email,estatus)
values  (1,"fulano1","ciclano1",123456789,123-456-7812,"fulano@gmail.com","assiduo"),
        (2,"Graciela "," Wiggins",123456789,781-598-1846,"GracielaCWiggins@teleworm.us","assiduo"),
        (3,"Kareen","West",123456789,410-774-5001,"KareenTWest@dayrep.com","assiduo"),
        (4,"Hector ","fairbanks",123451789,701-653-0258,"HectorDFairbanks@teleworm.us","assiduo"),
        (5,"Charles ","Hickey",1234766789,06-77200433,"CharlesSHickey@armyspy.com","assiduo"),
        (6,"Joey ","Percy",123456189,4718-7995,"JoeyBPercy@armyspy.com","assiduo"),
        (7,"Rebecca","Alderman",113456789,1434-5678,"Rebecca@gmail.com","assiduo"),
        (8,"Laurie "," Cobb",123416789,1234-5678,"Laurie@gmail.com","assiduo"),
        (9,"Dennis ","King",123456189,803-231-8742,"Dennis@gmail.com","assiduo"),
        (10,"Brenda "," Bennett",123456789,660-379-4089,"Brenda4@gmail.com","assiduo"),
        (11,"Latasha ","Fox",123456719,1123-5678,"Latasha@gmail.com","assiduo"),
        (12,"Natasha ","Ridol",113456789,1454-5678,"Natasha@gmail.com","assiduo"),
        (13,"Freddy ","correia",123456789,1234-5358,"fFreddy7@gmail.com","assiduo"),
        (14,"Carolyn Thompson","Thompson",121156789,1234-5674,"Thompson@gmail.com","assiduo"),
        (15,"Mathew ","Morgan",123156189,1234-2378,"Morgan@gmail.com","assiduo"),
        (16,"Thomas"," Hebert",123456119,1234-5656," Hebert@gmail.com","assiduo"),
        (17,"Richard","Brown",123156719,1234-9878,"Brown@gmail.com","assiduo"),
        (18,"Eva ","Thomas",121416789,1234-5690,"Thomas@gmail.com","assiduo"),
        (19,"Mary ","Jacobson",123411789,1234-9008,"Jacobson@gmail.com","assiduo"),
        (20,"Nathaniel","Nease",123156119,1234-5659,"Nease@gmail.com","assiduo"),
        (21,"Janine ","Watson",123456711,1234-5088,"Watson@gmail.com","assiduo"),
        (22,"Michael","Dolan",123456111,1256-5678,"Dolan@gmail.com","assiduo"),
        (23,"Lena ","Lopez",123411119,1212-5678,"Lopez@gmail.com","assiduo"),
        (24,"Eric ","Moore",111456789,1234-1378,"Moore@gmail.com","assiduo"),
        (25,"Deborah ","Young",123111789,1234-5645,"Young@gmail.com","assiduo"),
        (26,"Betty ","Fenton",123456111,1234-6428,"Fenton@gmail.com","assiduo"),
        (27,"Sandra ","Coleman",123456781,1234-5325,"Coleman@gmail.com","assiduo"),
        (28,"Robert ","Adame",123156719,1234-2358,"Adame@gmail.com","assiduo"),
        (29,"Mathew ","Urquhart",113411789,1234-3238,"Urquhart@gmail.com","assiduo"),
        (30,"Andy ","Nunes",123456789,1234-5623,"Nunes@gmail.com","assiduo"),
        (31,"Carrol","Washington",121151719,1234-5673,"Washington@gmail.com","assiduo"),
        (32,"Jack ","Vargas",123156719,1234-5238,"Vargas@gmail.com","assiduo"),
        (33,"Edna ","Sloan",121356789,1333-5678,"Sloan@gmail.com","assiduo"),
        (34,"Grace ","Bhatia",123431789,1233-5678,"Bhatia@gmail.com","assiduo"),
        (35,"Robert ","Burkey",123452489,1233-5338,"Burkey@gmail.com","assiduo"),
        (36,"Alice ","Carpenter",123456349,1234-3378,"Carpenter@gmail.com","assiduo");

insert into usuario (login,senha,estatus,tipo,data_criacao,data_inativacao,data_exclusao,cliente_chave,funcionario_chave)
values (null,123,"positivo","cartao",12-01-2005,12-01-2016,1,1),
	   (null,145,"positivo","cartao",12-01-2006,12-01-2005,2,2),
       (null,152,"positivo","cartao",12-01-2007,12-01-2015,3,3),
       (null,178,"positivo","dinheiro",12-01-2008,12-01-2015,4,4),
       (null,456,"positivo","cartao",12-01-2009,12-01-2015,5,5),
       (null,458,"positivo","dinheiro",12-01-2000,12-01-2015,6,6),
       (null,129,"positivo","cartao",12-01-1998,12-01-2015,7,7),
       (null,121,"positivo","dinheiro",12-01-1995,12-01-2015,8,8),
       (null,222,"positivo","cartao",12-01-1996,12-01-2015,9,9),
       (null,333,"positivo","dinheiro",12-01-1993,12-01-2015,10,1),
       (null,444,"positivo","cartao",14-05-2005,12-01-2015,11,2),
       (null,666,"positivo","dinheiro",16-01-2005,12-01-2015,12,3),
       (null,555,"negativo","dinheiro",17-03-2004,12-01-2015,13,4),
       (null,777,"negativo","dinheiro",11-05-2000,12-01-2015,15,4),
       (null,888,"negativo","dinheiro",17-01-2000,12-01-2015,16,5),
       (null,999,"positivo","cartao",21-01-2001,12-01-2015,17,6),
       (null,101,"positivo","dinheiro",30-01-2002,12-01-2015,18,9),
       (null,141,"negativo","cartao",24-01-2006,12-01-2015,19,4),
       (null,131,"negativo","dinheiro",13-01-2010,12-01-2015,20,1),
       (null,151,"negativo","dinheiro",01-01-2011,12-01-2015,21,2),
       (null,161,"positivo","cartao",02-01-2012,12-01-2015,22,1),
       (null,171,"negativo","dinheiro",03-01-2015,12-01-2015,23,5),
       (null,181,"positivo","cartao",04-01-2001,12-01-2015,24,8),
       (null,191,"negativo","dinheiro",05-01-2010,12-01-2015,25,6),
       (null,200,"positivo","dinheiro",06-01-2004,12-01-2015,26,9),
       (null,202,"negativo","dinheiro",07-01-2008,12-01-2015,27,7),
       (null,203,"negativo","dinheiro",08-01-2000,12-01-2015,28,7),
       (null,263,"positivo","cartao",09-01-2010,12-01-2015,29,7),
       (null,275,"negativo","dinheiro",12-03-2009,12-01-2015,30,6),
       (null,237,"negativo","cartao",12-02-2004,12-01-2015,31,3),
       (null,295,"positivo","dinheiro",12-05-2003,12-01-2015,32,9);
       

insert into reserva (chave,cliente_chave,funcionario_chave,inicio,fim,qtd_pessoas)
values 
       (null,12,1,1,10:30,11:30,2),
        (null,31,2,2,10:30,11:30,1),
        (null,23,3,3,10:30,11:30,1),
        (null,25,4,4,10:30,11:30,1),
        (null,11,5,5,10:30,11:30,1),
        (null,2,6,6,10:30,11:30,1),
        (null,28,7,7,11:30,12:30,1),
        (null,3,8,8,13:30,11430,1),
        (null,5,9,9,14:30,11:30,1),
        (null,7,10,2,14:30,19:30,1),
        (null,9,11,3,10:30,11:30,1),
        (null,4,12,4,10:30,11:30,1),
        (null,19,13,5,10:30,11:30,1),
        (null,16,14,6,10:30,11:30,1),
        (null,24,15,7,10:30,11:30,1),
        (null,3,16,8,10:30,11:30,1),
        (null,30,17,9,10:30,11:30,1),
        (null,2,18,1,10:30,11:30,1),
        (null,5,19,2,10:30,11:30,1),
        (null,6,20,6,06:30,07:30,1),
        (null,35,21,4,09:30,11:30,1),
        (null,11,22,5,10:30,12:30,1),
        (null,31,23,8,10:30,13:30,1),
        (null,29,24,9,10:30,14:30,1),
        (null,21,25,7,10:30,15:30,1),
        (null,3,26,1,10:30,16:30,1),
        (null,33,27,2,10:30,17:30,1),
        (null,36,28,2,14:30,16:30,1),
        (null,32,29,6,15:30,16:30,1),
        (null,21,30,7,11:30,12:30,1),
        (null,34,31,8,10:30,11:30,1),
        (null,23,32,4,10:30,11:30,1),
        (null,9,33,7,10:30,11:30,1),
        (null,7,34,1,10:30,11:30,1),
        (null,4,35,2,10:30,11:30,1),
        (null,1,36,3,10:30,11:30,1);

insert into mesa (chave,identificacao,qtd_cadeiras,descricao,imagem)
values (null,1,1,"perto do bar","perto do bar"),
       (null,2,4,"perto do bar","perto do bar"),
       (null,3,2,"perto do bar","perto do bar"),
       (null,4,2,"perto do bar","perto do bar"),
       (null,5,2,"perto do bar","perto do bar"),
       (null,6,2,"perto do banheiro","perto do banheiro"),
       (null,7,2,"perto do banheiro","perto do banheiro"),
       (null,8,4,"perto do banheiro","perto do banheiro"),
       (null,9,5,"perto do palco","perto do palco"),
       (null,10,4,"perto do palco","perto do palco"),
       (null,11,2,"perto do palco","perto do palco"),
       (null,12,2,"perto do palco","perto do palco"),
       (null,13,6,"perto do banheiro","perto do banheiro"),
       (null,14,4,"perto do janela","perto do janela"),
       (null,15,4,"perto do janela","perto do janela"),
       (null,16,2,"perto do banheiro","perto do banheiro"),
       (null,17,2,"perto do janela","perto do janela"),
       (null,18,4,"perto do janela","perto do janela"),
       (null,19,6,"perto da porta","perto da porta"),
       (null,20,6,"perto da porta","perto da porta"),
       (null,21,6,"perto da porta","perto da porta");
       

insert into mesa_reservada (reserva_chave,mesa_chave)
values (1,1),
	   (2,2),
       (3,3),
       (4,4),
       (5,5),
       (6,6),
       (7,7),
       (8,8),
       (9,9),
       (10,10),
       (11,11),
       (12,12),
       (13,13),
       (14,14),
       (15,15),
       (16,16),
       (17,17),
       (18,18),
       (19,19),
       (20,20),
       (21,21);

insert into funcionario (chave,chave_cargo,nome,sobrenome,cpf,email,estatus)
values (1,null,"Arina ","Blinova",113456789,1434-5678,"Blinova@gmail.com","bom pagador"),
        (2,null,"Ruslana ","Kozlova",123416789,1234-5678,"Kozlova@gmail.com","bom pagador"),
        (3,null,"Anisa ","Kalinina",123456189,1234-5678,"Kalinina@gmail.com","bom pagador"),
        (4,null,"Margaret ","Mordvinova",123456789,1234-5678,"Mordvinova@gmail.com","bom pagador"),
        (5,null,"Mstislav ","Vasilyeva",123456719,1123-5678,"Vasilyeva@gmail.com","bom pagador"),
        (6,null,"Jasmine ","Larionova",113456789,1454-5678,"Larionova@gmail.com","bom pagador"),
        (7,null,"Thaddeus ","Pirogov",123456789,1234-5358,"Pirogov@gmail.com","bom pagador"),
        (8,null,"Arseny ","Voronov",121156789,1234-5674,"Voronov@gmail.com","bom pagador"),
        (9,null,"Zakir ","Yevseyev",123156189,1234-2378,"Yevseyev@gmail.com","bom pagador"),
        (10,null,"Roland ","Korovin",123456119,1234-5656,"Korovin@gmail.com","bom pagador"),
        (11,null,"Leonid ","Ponomaryov",123156719,1234-9878,"Ponomaryov@gmail.com","bom pagador"),
        (12,null,"Anna ","Bogdanova",121416789,1234-5690,"Bogdanova@gmail.com","bom pagador"),
        (13,null,"Lilith ","Avdeeva",123411789,1234-9008,"Avdeeva@gmail.com","bom pagador"),
        (14,null,"Gennady ","Pokrovskii",123156119,1234-5659,"Pokrovskii@gmail.com","bom pagador"),
        (15,null,"Stanislaus ","Seleznyova",123456711,1234-5088,"Seleznyova@gmail.com","bom pagador"),
        (16,null,"George ","Kudryashov",123456111,1256-5678,"Kudryashov@gmail.com","bom pagador"),
        (17,null,"Carl ","Gorbunov",123411119,1212-5678,"Gorbunov@gmail.com","bom pagador"),
        (18,null,"Polycarp ","Istomin",111456789,1234-1378,"Istomin@gmail.com","bom pagador"),
        (19,null,"Emelyan ","Glazkov",123111789,1234-5645,"Glazkov@gmail.com","bom pagador"),
        (20,null,"Novel ","Vagin",123456111,1234-6428,"Vagin@gmail.com","bom pagador"),
        (21,null,"Holly ","Meeson",123456781,1234-5325,"Meeson@gmail.com","bom pagador"),
        (22,null,"Keira ","Clendinnen",123156719,1234-2358,"Clendinnen@gmail.com","bom pagador"),
        (23,null,"Jamie ","O'Dowd",113411789,1234-3238,"Dowd@gmail.com","bom pagador"),
        (24,null,"Jasper ","Khull",123456789,1234-5623,"Khull@gmail.com","bom pagador"),
        (25,null,"Marcos ","Ferreira",121151719,1234-5673,"Ferreira@gmail.com","bom pagador"),
        (26,null,"Connie ","Tamez",123156719,1234-5238,"Tamez@gmail.com","bom pagador"),
        (27,null,"Peter ","Cooke",121356789,1333-5678,"Cooke@gmail.com","bom pagador"),
        (28,null,"Devon ","Harris",123431789,1233-5678,"Harris@gmail.com","bom pagador"),
        (29,null,"Bruce ","Moore",123452489,1233-5338,"Moore@gmail.com","bom pagador"),
        (30,null,"Mariela ","ciclano31",123456349,1234-3378,"George@gmail.com","bom pagador");

insert into parametros_atendimento (dia_da_semana,funcionario_chave,nome_dia,horario_inicio,horario_fim)
values (01-01-2017,1,"um de janeiro"),
        (01-01-2017,2,"um de janeiro",10:30,11:30),
        (01-01-2017,3,"um de janeiro",11:30,12:30),
        (01-01-2017,4,"um de janeiro3",13:30,11:30),
        (01-01-2017,5,"um de janeiro",914:30,11:30),
        (01-01-2017,6,"um de janeiro",14:30,19:30),
        (01-01-2017,7,"um de janeiro",10:30,11:30),
        (01-01-2017,8,"um de janeiro",10:30,11:30),
        (01-01-2017,9,"um de janeiro",10:30,11:30),
        (01-01-2017,1,"um de janeiro",10:30,11:30),
        (02-01-2017,2,"dois de janeiro",10:30,11:30),
        (02-01-2017,3,"dois de janeiro",10:30,11:30),
        (02-01-2017,4,"dois de janeiro",10:30,11:30),
        (02-01-2017,5,"dois de janeiro",10:30,11:30),
        (02-01-2017,6,"dois de janeiro",10:30,11:30),
        (02-01-2017,7,"dois de janeiro",06:30,07:30),
        (02-01-2017,8,"dois de janeiro",09:30,11:30),
        (02-01-2017,9,"dois de janeiro",10:30,12:30),
        (03-01-2017,1,"tres de janeiro",10:30,13:30),
        (03-01-2017,2,"tres de janeiro",10:30,14:30),
        (03-01-2017,3,"tres de janeiro",10:30,15:30),
        (03-01-2017,4,"tres de janeiro",10:30,16:30),
        (03-01-2017,5,"tres de janeiro",10:30,17:30),
        (03-01-2017,6,"tres de janeiro",14:30,16:30),
        (03-01-2017,7,"tres de janeiro",15:30,16:30),
        (03-01-2017,8,"tres de janeiro",11:30,12:30),
        (03-01-2017,9,"tres de janeiro",10:30,11:30),
        (03-01-2017,1,"tres de janeiro",10:30,11:30),
        (03-01-2017,2,"tres de janeiro",10:30,11:30),
        (03-01-2017,3,"tres de janeiro",10:30,11:30),
        (03-01-2017,4,"tres de janeiro",10:30,11:30),
        (03-01-2017,5,"tres de janeiro",10:30,11:30);
        
insert into promocao (chave,chave_funcionario,inicio,fim,titulo,descricao,informacao,imagem)
values (null,1,12-01-2017,20-01-2017,'dia do casal','o casal paga o preço de uma pessoa','o casal paga o preço de uma pessoa','casal sorrindo'),
		(null,3,21-01-2017,30-01-2017,'dia da familia','traga a familia e a sobremesa e de graça','traga a familia e a sobremesa e de graça','familia feliz'),
        (null,10,01-02-2017,10-02-2017,'jantar romantico','de 19 as 22 o primeiro vinho e por conta da casa','de 19 as 22 o primeiro vinho e por conta da casa','namorados se divertindo'),
        
insert into cargos (chave,nome,nivel_acesso,data_exclusao)
values (1,"Marcos",3,12-01-2015),
        (2,"Graciela ",3,12-01-2015),
        (3,"Kareen",3,12-01-2015),
        (4,"Hector",3,12-01-2015),
        (5,"Charle",3,12-01-2015),
        (6,"Joey",3,12-01-2015),
        (7,"Mariela",3,12-01-2015),
        (8,"Devon",3,12-01-2015),
        (9,"Gennady",2,12-01-2015),
        (10,"Stanislaus",2,12-01-2015),
        (11,"Mstislav",1,12-01-2015);